"code","name","CC_1","CC_2","class","classF"
"AF001","Karoo Sedimentary Aquifer","LSO","ZAF","UB","BL"
"AF002","Coastal Sedimentary Basin V","NAM","ZAF","IU0","IU0"
"AF003","Coastal Sedimentary Basin VI","MOZ","ZAF","IU1","IU1"
"AF004","Rhyolite-Breccia Aquifer","MOZ","SWZ","UB","UB"
"AF004","Rhyolite-Breccia Aquifer","SWZ","ZAF","IU1","IU1"
"AF005","Stampriet Transboundary Aquifer System","BWA","NAM","IU0","IU0"
"AF005","Stampriet Transboundary Aquifer System","BWA","ZAF","IU0","IU0"
"AF005","Stampriet Transboundary Aquifer System","NAM","ZAF","IU0","IU0"
"AF006","Khakhea-Bray Dolomite Transboundary Aquifer","BWA","ZAF","IU1","IU1"
"AF007","Ramotswa","BWA","ZAF","UB","UB"
"AF009","Tuli Karoo Sub-Basin","BWA","ZAF","UB","BL"
"AF009","Tuli Karoo Sub-Basin","BWA","ZWE","IU1","BL"
"AF009","Tuli Karoo Sub-Basin","ZAF","ZWE","IU1","BL"
"AF010","Northern Kalahari / Karoo Basin / Eiseb Graben Aquifer","BWA","NAM","IU0","IU0"
"AF012","Eastern Kalahari Karoo Basin","BWA","ZWE","IU1","UB"
"AF013","Cuvelai and Etosha Basin / Ohangwena Aquifer System","AGO","NAM","IU0","IU0"
"AF014","Nata Karoo Sub-basin / Caprivi Lower Aquifer","AGO","NAM","UB","UB"
"AF014","Nata Karoo Sub-basin / Caprivi Lower Aquifer","AGO","ZMB","UB","UB"
"AF014","Nata Karoo Sub-basin / Caprivi Lower Aquifer","BWA","NAM","UB","UB"
"AF014","Nata Karoo Sub-basin / Caprivi Lower Aquifer","NAM","ZMB","UB","UB"
"AF016","Medium Zambesi Aquifer","ZMB","ZWE","UB","BL"
"AF017","Shire colluvium aquifer","MOZ","MWI","UB","UB"
"AF018","Arangua Alluvial","MOZ","ZMB","IU0","IU0"
"AF019","Bua River","MWI","ZMB","IU1","IU1"
"AF020","Coastal Sedimentary Basin III","MOZ","TZA","UB","DA"
"AF021","Karoo Sandstone Aquifer","MOZ","TZA","IU1","IU1"
"AF022","Kalahari/Katangian Basin","COD","ZMB","UB","UB"
"AF023","Congo Intra-cratonic Basin","AGO","COD","UB","UB"
"AF025","Karoo-Carbonate","CAF","COD","UB","UB"
"AF025","Karoo-Carbonate","CAF","SSD","UB","UB"
"AF025","Karoo-Carbonate","COD","SSD","UB","UB"
"AF026","Tanganyika","BDI","COD","UB","DA"
"AF026","Tanganyika","BDI","TZA","UB","DA"
"AF026","Tanganyika","COD","TZA","UB","DA"
"AF027","Aquífero da Dolomite Pré-cambriana do baixo Congo / Aquifère dolomitique précambrien","AGO","COD","UB","UB"
"AF027","Aquífero da Dolomite Pré-cambriana do baixo Congo / Aquifère dolomitique précambrien","COD","COG","IU1","IU1"
"AF029","Cuvette","COD","COG","UB","DA"
"AF031","Coastal Sedimentary Basin / Karoo Sedimetary Aquifer","KEN","TZA","UB","UB"
"AF032","Kilimanjaro Aquifer","KEN","TZA","UB","DA"
"AF033","Aquifère du Bassin de l?Ogooué","COG","GAB","IU1","IU1"
"AF034","Aquifère des plateaux","COG","GAB","IU1","IU1"
"AF036","Kagera Aquifer","BDI","RWA","IU1","IU1"
"AF036","Kagera Aquifer","RWA","TZA","UB","DA"
"AF036","Kagera Aquifer","RWA","UGA","UB","DA"
"AF036","Kagera Aquifer","TZA","UGA","UB","DA"
"AF038","Merti Aquifer","KEN","SOM","UB","UB"
"AF039","Mount Elgon Aquifer","KEN","UGA","UB","BL"
"AF040","Aquifère nord-ouest Sangha","COG","GAB","IU0","IU0"
"AF042","Rio del Rey","CMR","NGA","IU1","IU1"
"AF043","Dawa","ETH","KEN","UB","BL"
"AF043","Dawa","ETH","SOM","UB","BL"
"AF043","Dawa","KEN","SOM","UB","BL"
"AF044","Jubba","ETH","SOM","UB","UB"
"AF045","Shebelle / Shabelle","ETH","SOM","UB","DA"
"AF046","Sudd Basin","ETH","SDN","IU1","IU1"
"AF046","Sudd Basin","ETH","SSD","UB","DA"
"AF046","Sudd Basin","KEN","SSD","IU1","IU1"
"AF046","Sudd Basin","SDN","SSD","IU1","IU1"
"AF047","Bassin sédimentaire côtier / Tano Basin","CIV","GHA","UB","UB"
"AF048","Keta Basin, Coastal Sedimentary Basin / Bassin de Keta, Bassin Sédimentaire Côtier","BEN","NGA","UB","DA"
"AF048","Keta Basin, Coastal Sedimentary Basin / Bassin de Keta, Bassin Sédimentaire Côtier","BEN","TGO","UB","DA"
"AF048","Keta Basin, Coastal Sedimentary Basin / Bassin de Keta, Bassin Sédimentaire Côtier","GHA","TGO","UB","DA"
"AF051","Benue River sedimentary basin / Bassin sédimentaire de la Benoué","CMR","NGA","UB","BL"
"AF052","Lake Chad sedimentary basin / Bassin sédimentaire du Lac Tchad","CAF","CMR","UB","BL"
"AF052","Lake Chad sedimentary basin / Bassin sédimentaire du Lac Tchad","CAF","SDN","UB","BL"
"AF052","Lake Chad sedimentary basin / Bassin sédimentaire du Lac Tchad","CAF","TCD","UB","BL"
"AF052","Lake Chad sedimentary basin / Bassin sédimentaire du Lac Tchad","CMR","NGA","UB","DA"
"AF052","Lake Chad sedimentary basin / Bassin sédimentaire du Lac Tchad","CMR","TCD","UB","DA"
"AF052","Lake Chad sedimentary basin / Bassin sédimentaire du Lac Tchad","DZA","NER","UB","UB"
"AF052","Lake Chad sedimentary basin / Bassin sédimentaire du Lac Tchad","NER","NGA","DA","DA"
"AF052","Lake Chad sedimentary basin / Bassin sédimentaire du Lac Tchad","NER","TCD","DA","DA"
"AF052","Lake Chad sedimentary basin / Bassin sédimentaire du Lac Tchad","NGA","TCD","DA","DA"
"AF052","Lake Chad sedimentary basin / Bassin sédimentaire du Lac Tchad","SDN","TCD","UB","DA"
"AF053","Baggara Basin","CAF","SDN","UB","UB"
"AF053","Baggara Basin","SDN","SSD","UB","UB"
"AF054","Volta Basin","BEN","BFA","UB","BL"
"AF054","Volta Basin","BEN","NER","IU1","IU1"
"AF054","Volta Basin","BEN","TGO","UB","DA"
"AF054","Volta Basin","BFA","NER","IU1","IU1"
"AF054","Volta Basin","BFA","TGO","UB","BL"
"AF054","Volta Basin","GHA","TGO","UB","DA"
"AF056","Système Aquifère des Iullemmeden / Iullemmeden Aquifer System","BEN","BFA","UB","BL"
"AF056","Système Aquifère des Iullemmeden / Iullemmeden Aquifer System","BEN","NER","DA","DA"
"AF056","Système Aquifère des Iullemmeden / Iullemmeden Aquifer System","BEN","NGA","DA","DA"
"AF056","Système Aquifère des Iullemmeden / Iullemmeden Aquifer System","BFA","NER","UB","BL"
"AF056","Système Aquifère des Iullemmeden / Iullemmeden Aquifer System","DZA","MLI","IU1","IU1"
"AF056","Système Aquifère des Iullemmeden / Iullemmeden Aquifer System","DZA","NER","IU1","IU1"
"AF056","Système Aquifère des Iullemmeden / Iullemmeden Aquifer System","MLI","NER","UB","DA"
"AF056","Système Aquifère des Iullemmeden / Iullemmeden Aquifer System","NER","NGA","DA","DA"
"AF058","Senegalo-Mauritanian Aquifer Basin (SMAB) / Bassin Aquifère Sénégalo-Mauritanien / Bacia Aquífera Senegalo-Mauritana (BASM)","ESH","MRT","UB","UB"
"AF058","Senegalo-Mauritanian Aquifer Basin (SMAB) / Bassin Aquifère Sénégalo-Mauritanien / Bacia Aquífera Senegalo-Mauritana (BASM)","GMB","SEN","UB","DA"
"AF058","Senegalo-Mauritanian Aquifer Basin (SMAB) / Bassin Aquifère Sénégalo-Mauritanien / Bacia Aquífera Senegalo-Mauritana (BASM)","GNB","SEN","DA","DA"
"AF058","Senegalo-Mauritanian Aquifer Basin (SMAB) / Bassin Aquifère Sénégalo-Mauritanien / Bacia Aquífera Senegalo-Mauritana (BASM)","MRT","SEN","BL","BL"
"AF059","Afar Rift Valley / Afar Triangle Aquifer","DJI","ERI","IU0","IU0"
"AF059","Afar Rift Valley / Afar Triangle Aquifer","DJI","ETH","IU1","IU1"
"AF059","Afar Rift Valley / Afar Triangle Aquifer","ERI","ETH","IU1","IU1"
"AF061","Gedarif-Adigrat","ETH","SDN","UB","DA"
"AF062","Disa","SDN","TCD","UB","BL"
"AF063","Nubian Sandstone Aquifer System","EGY","LBY","UB","UB"
"AF063","Nubian Sandstone Aquifer System","EGY","SDN","UB","UB"
"AF063","Nubian Sandstone Aquifer System","LBY","SDN","UB","UB"
"AF063","Nubian Sandstone Aquifer System","LBY","TCD","IU1","IU1"
"AF063","Nubian Sandstone Aquifer System","SDN","TCD","IU1","IU1"
"AF064","Taoudeni-Tanezrouft Aquifer System / Système Aquifère de Taoudéni-Tanezrouft","BFA","MLI","DA","DA"
"AF064","Taoudeni-Tanezrouft Aquifer System / Système Aquifère de Taoudéni-Tanezrouft","DZA","MLI","UB","UB"
"AF064","Taoudeni-Tanezrouft Aquifer System / Système Aquifère de Taoudéni-Tanezrouft","MLI","MRT","UB","UB"
"AF067","Système Aquifère de Mourzouk - Djado / Murzuk-Djado Aquifer System","DZA","LBY","UB","UB"
"AF067","Système Aquifère de Mourzouk - Djado / Murzuk-Djado Aquifer System","DZA","NER","IU1","IU1"
"AF067","Système Aquifère de Mourzouk - Djado / Murzuk-Djado Aquifer System","LBY","NER","IU1","IU1"
"AF067","Système Aquifère de Mourzouk - Djado / Murzuk-Djado Aquifer System","LBY","TCD","IU1","IU1"
"AF067","Système Aquifère de Mourzouk - Djado / Murzuk-Djado Aquifer System","NER","TCD","IU0","IU0"
"AF068","Système Aquifère de Tindouf","DZA","ESH","UB","UB"
"AF068","Système Aquifère de Tindouf","DZA","MAR","UB","UB"
"AF068","Système Aquifère de Tindouf","DZA","MRT","IU1","IU1"
"AF068","Système Aquifère de Tindouf","ESH","MAR","UB","UB"
"AF068","Système Aquifère de Tindouf","ESH","MRT","IU1","IU1"
"AF069","North-Western Sahara Aquifer System / Système Aquifère du Sahara Septentrional","DZA","LBY","DA","DA"
"AF069","North-Western Sahara Aquifer System / Système Aquifère du Sahara Septentrional","DZA","TUN","DA","DA"
"AF069","North-Western Sahara Aquifer System / Système Aquifère du Sahara Septentrional","LBY","TUN","DA","DA"
"AF070","Système Aquifère d'Errachidia","DZA","MAR","UB","UB"
"AF072","Rift Aquifer","KEN","TZA","UB","DA"
"AF074; AF078","Nappe de la Plaine des Angad et de Maghnia; Nappe profonde de Jbel-Hamra","DZA","MAR","BL","DA"
"AF076","Chott Tigri-Lahouita","DZA","MAR","IU0","IU0"
"AF077","Figuig Oasis","DZA","MAR","IU1","IU1"
"AF079","Coastal Aquifer System of the Jeffara Plain / Système Aquifère Côtier de la Plaine de la Djeffara","LBY","TUN","DA","DA"
"AF081","Aquífero sedimentar costeiro do Rio Congo / Aquifère Côtier","AGO","COD","UB","UB"
"AF081","Aquífero sedimentar costeiro do Rio Congo / Aquifère Côtier","AGO","COG","UB","UB"
"AF081","Aquífero sedimentar costeiro do Rio Congo / Aquifère Côtier","COG","GAB","IU1","IU1"
"AF082","Aquifère du Bassin de la Nyanga","COG","GAB","IU1","IU1"
"AF083","Aquifère du Rift / Rift Aquifer","BDI","RWA","IU1","IU1"
"AF083","Aquifère du Rift / Rift Aquifer","COD","RWA","UB","DA"
"AF083","Aquifère du Rift / Rift Aquifer","COD","UGA","UB","DA"
"AF083","Aquifère du Rift / Rift Aquifer","RWA","UGA","UB","DA"
"AF090","Colluvium and residual soils","MOZ","MWI","UB","UB"
"AF094","River alluvium","MOZ","MWI","UB","UB"
"AF095","Ruo River","MOZ","MWI","UB","UB"
"AF102","Mwanza gritty conglomerates","MOZ","MWI","IU1","IU1"
"AF103","Basalt lava flow","MOZ","MWI","UB","UB"
"AF104","Mwanza grits and shales","MOZ","MWI","IU0","IU0"
"AF105","Upper sandstones (grits and sandstones)","MOZ","MWI","IU0","IU0"
"AF106","Lower sandstones","MOZ","MWI","IU1","IU1"
"AF107","Mwanza grits and shales","MOZ","MWI","IU0","IU0"
"AF108","Mwanza grits and shales","MOZ","MWI","IU0","IU0"
"AF109","Basalt lava flow","MOZ","MWI","IU0","IU0"
"AF121","Colluvium and residual soils","MWI","TZA","UB","UB"
"AF122","Mwanza grits and shales","MWI","TZA","IU1","IU1"
"AF123","River alluvium","MWI","TZA","UB","UB"
"AF124","Shire alluvial aquifer","MOZ","MWI","UB","UB"
"AF125","Bulal Basalt","ETH","KEN","IU0","IU1"
"AF126","Kasserine Aquifer System","DZA","TUN","IU1","IU1"
"AS001","Western Mountain Aquifer","EGY","ISR","DA","DA"
"AS001","Western Mountain Aquifer","EGY","PSE","BL","DA"
"AS001","Western Mountain Aquifer","ISR","PSE","BL","DA"
"AS002","Coastal Aquifer Basin","EGY","ISR","DA","DA"
"AS002","Coastal Aquifer Basin","EGY","PSE","BL","BL"
"AS002","Coastal Aquifer Basin","ISR","PSE","BL","BL"
"AS003","Northeastern Mountain Aquifer","ISR","PSE","DA","DA"
"AS004","Anti-Lebanon Mountain range","LBN","SYR","BL","DA"
"AS008","Psou Aquifer","GEO","RUS","IU1","IU1"
"AS010","Upper Jezira","IRQ","SYR","DA","BL"
"AS010","Upper Jezira","IRQ","TUR","BL","BL"
"AS010","Upper Jezira","SYR","TUR","BL","DA"
"AS011","Syrt","KAZ","RUS","UB","DA"
"AS012","Leninak-Shiraks Aquifer","ARM","TUR","DA","DA"
"AS013","Terek Aquifer","GEO","RUS","IU0","IU0"
"AS015","Debed / Debeda River Aquifer","ARM","AZE","IU1","BL"
"AS015","Debed / Debeda River Aquifer","ARM","GEO","BL","BL"
"AS015","Debed / Debeda River Aquifer","AZE","GEO","IU1","BL"
"AS016","Ktsia-Khrami Aquifer","AZE","GEO","IU1","BL"
"AS017","Agstev / Akstafa - Tavush / Tovuz Aquifer","ARM","AZE","DA","DA"
"AS018","Alazan-Agrichay Aquifer","AZE","GEO","UB","DA"
"AS019","Pre-Caspian","KAZ","RUS","UB","DA"
"AS020","Sulak Aquifer","GEO","RUS","IU0","IU0"
"AS021","Nakhichevan / Larijan and Djebrail Aquifer","AZE","IRN","DA","DA"
"AS022","Herher, Malishkin and Jermuk Aquifers","ARM","AZE","IU0","IU0"
"AS023","Vorotan-Akora Aquifer","ARM","AZE","IU1","BL"
"AS025","Iori / Gabirry Aquifer","AZE","RUS","IU0","IU0"
"AS026","Lenkoran/Astara","AZE","IRN","DA","DA"
"AS027","Samur Aquifer","AZE","RUS","BL","DA"
"AS031","South-Pred-Ural Aquifer","KAZ","RUS","UB","DA"
"AS035","Amu Darya (2)","KAZ","TKM","IU1","IU1"
"AS035","Amu Darya (2)","KAZ","UZB","IU1","IU1"
"AS035","Amu Darya (2)","TKM","UZB","IU0","IU0"
"AS036","Syr Darya","KAZ","UZB","IU1","IU1"
"AS037","Birata-Urgench","TKM","UZB","DA","DA"
"AS040","Sherabad","TKM","UZB","IU1","IU1"
"AS041","Amu Darya (1)","AFG","UZB","UB","BL"
"AS042","Kofarnihon Aquifer","TJK","UZB","IU0","BL"
"AS043","Karatag / North-Surhandarya Aquifer","TJK","UZB","DA","DA"
"AS044","Zeravshan Aquifer","TJK","UZB","DA","DA"
"AS046","Havost","TJK","UZB","BL","BL"
"AS047","Pretashkent Aquifer","KAZ","UZB","DA","DA"
"AS048","Zafarobod Aquifer","TJK","UZB","BL","BL"
"AS049","Syr-Darya 3","TJK","UZB","BL","BL"
"AS050","Kokaral","TJK","UZB","BL","BL"
"AS051","Dalverzin Aquifer","TJK","UZB","DA","DA"
"AS053","Sulyukta-Batken-Nau-Isfara Aquifer","KGZ","TJK","BL","BL"
"AS053","Sulyukta-Batken-Nau-Isfara Aquifer","TJK","UZB","DA","DA"
"AS054","South Talas Aquifer","KAZ","KGZ","BL","BL"
"AS055","North Talas Aquifer","KAZ","KGZ","BL","DA"
"AS057","Shorsu Aquifer","TJK","UZB","IU1","IU1"
"AS058","Sokh Aquifer","KGZ","UZB","UB","BL"
"AS059","Syr-Darya 2","TJK","UZB","IU1","IU1"
"AS060","Almos-Vorzik Aquifer","KGZ","UZB","IU1","IU1"
"AS061","Kasansay Aquifer","KGZ","UZB","IU1","IU1"
"AS062","Nanay","KGZ","UZB","UB","BL"
"AS063","Iskovat-Pishkaran Aquifer","KGZ","UZB","UB","BL"
"AS064","Naryn Aquifer","KGZ","UZB","IU1","BL"
"AS065","Yarmazar","KGZ","UZB","UB","BL"
"AS066","Chimion-Aval","KGZ","UZB","UB","BL"
"AS068","Karaungur","KGZ","UZB","UB","BL"
"AS069","Osh-Aravan Aquifer","KGZ","UZB","BL","BL"
"AS070","Vakhsh Aquifer","AFG","TJK","IU1","IU1"
"AS071","Chu Basin","KAZ","KGZ","DA","DA"
"AS072","Ile River Valley","CHN","KAZ","DA","DA"
"AS074","Tacheng Basin / Alakol","CHN","KAZ","DA","DA"
"AS076","Zaisan Artesian Basin / Ertix River Plain","CHN","KAZ","DA","DA"
"AS077","Yenisei Upstream","MNG","RUS","UB","DA"
"AS081","Nu River Valley Aquifer","CHN","MMR","UB","UB"
"AS082","Salween River Aquifer","MMR","THA","DA","DA"
"AS083","Upriver of Zuo River","CHN","VNM","UB","UB"
"AS086","Upper Yalu River Basin","CHN","PRK","DA","DA"
"AS087","Middle Heilongjiang - Amur River Basin","CHN","RUS","DA","DA"
"AS088","Merauke - Ketu Basin Aquifer","IDN","PNG","UB","UB"
"AS089","Cambodia Mekong River Delta Aquifer","KHM","VNM","BL","DA"
"AS090","Khorat Plateau Aquifer","LAO","THA","UB","DA"
"AS091","Lower Mekong River 2 Aquifer","LAO","THA","DA","DA"
"AS091","Lower Mekong River 2 Aquifer","LAO","VNM","UB","UB"
"AS092","Hong River Basin","CHN","VNM","UB","UB"
"AS093","Downstream of Lancang River","CHN","MMR","DA","DA"
"AS094","Bulgan River","CHN","MNG","IU0","IU0"
"AS095","Uvs Lake Aquifer","MNG","RUS","IU1","IU1"
"AS096","Shishhid River Aquifer","MNG","RUS","IU0","IU0"
"AS097","Delger River","MNG","RUS","IU0","IU0"
"AS098","Zelter Basin","MNG","RUS","IU1","BL"
"AS100","Minj River Basin","MNG","RUS","IU0","IU0"
"AS101","Balj River Basin","MNG","RUS","IU0","IU1"
"AS102","Onon River Basin","MNG","RUS","IU0","IU1"
"AS103","Ulz River Basin","MNG","RUS","IU1","IU1"
"AS104","Erguna River","CHN","RUS","IU1","IU1"
"AS105","Zeya River Basin","CHN","RUS","BL","DA"
"AS106","Kherlen River Basin","CHN","MNG","UB","UB"
"AS108","Buir Lake / Khalkha River Aquifer","CHN","MNG","IU0","IU0"
"AS109","Zamyn-Üüd Basin","CHN","MNG","UB","UB"
"AS110","Onch Khairkhani Sair Aquifer","CHN","MNG","IU0","IU0"
"AS111","Dankhan Khudgiin Sair Aquifer","CHN","MNG","IU0","IU0"
"AS113","Kabul River Aquifer","AFG","PAK","DA","DA"
"AS114","Lower Yalu River Basin","CHN","PRK","DA","DA"
"AS115","Middle of Korea Peninsula","KOR","PRK","DA","DA"
"AS118","Lower Mekong River 1 Aquifer","LAO","MMR","UB","BL"
"AS118","Lower Mekong River 1 Aquifer","LAO","THA","UB","BL"
"AS118","Lower Mekong River 1 Aquifer","MMR","THA","DA","BL"
"AS119","Karst Aquifer of Upper Hong River and Zuojiang Valley","CHN","VNM","UB","DA"
"AS120","Beilun River Basin","CHN","VNM","UB","UB"
"AS122","Kura River Valley Aquifer","AZE","GEO","UB","DA"
"AS123","Taurus-Zagros Mountain range","IRN","IRQ","DA","DA"
"AS123","Taurus-Zagros Mountain range","IRN","TUR","DA","DA"
"AS123","Taurus-Zagros Mountain range","IRQ","SYR","DA","DA"
"AS123","Taurus-Zagros Mountain range","IRQ","TUR","DA","DA"
"AS123","Taurus-Zagros Mountain range","SYR","TUR","DA","DA"
"AS124","Jezira Tertiary Limestone Aquifer System","IRQ","SYR","DA","DA"
"AS124","Jezira Tertiary Limestone Aquifer System","SYR","TUR","DA","DA"
"AS125","Neogene Aquifer System (North-West): Upper and Lower Fars","IRQ","SYR","DA","DA"
"AS126","Saq-Ram Aquifer System (West) / Disi","JOR","SAU","DA","DA"
"AS127","Wasia-Biyadh-Aruma Aquifer System (North): Sakaka-Rutba","IRQ","SAU","IU1","IU1"
"AS128","Neogene Aquifer System (South-East): Dibdibba-Kuwait Group","IRQ","KWT","UB","DA"
"AS128","Neogene Aquifer System (South-East): Dibdibba-Kuwait Group","IRQ","SAU","UB","DA"
"AS128","Neogene Aquifer System (South-East): Dibdibba-Kuwait Group","KWT","SAU","DA","DA"
"AS129","Tawil Quaternary Aquifer System: Wadi Sirhan Basin","JOR","SAU","IU1","IU1"
"AS130","Umm er Radhuma-Dammam Aquifer System (North): Widyan-Salman","IRQ","KWT","UB","DA"
"AS130","Umm er Radhuma-Dammam Aquifer System (North): Widyan-Salman","IRQ","SAU","UB","DA"
"AS130","Umm er Radhuma-Dammam Aquifer System (North): Widyan-Salman","KWT","SAU","DA","DA"
"AS131","Wajid Aquifer System","SAU","YEM","IU1","IU1"
"AS132","Sarakhas Aquifer","IRN","TKM","BL","BL"
"AS138","Tes River Basin","MNG","RUS","IU1","IU1"
"AS139","Wasia-Biyadh-Aruma Aquifer System (South): Tawila-Mahra/Cretaceous Sands","SAU","YEM","IU1","IU1"
"AS140","Umm er Radhuma-Dammam Aquifer System (Centre): Gulf","ARE","SAU","BL","BL"
"AS140","Umm er Radhuma-Dammam Aquifer System (Centre): Gulf","QAT","SAU","DA","DA"
"AS141","Umm er Radhuma-Dammam Aquifer System (South): Rub' al Khali","ARE","OMN","DA","DA"
"AS141","Umm er Radhuma-Dammam Aquifer System (South): Rub' al Khali","ARE","SAU","IU1","IU1"
"AS141","Umm er Radhuma-Dammam Aquifer System (South): Rub' al Khali","OMN","SAU","IU1","IU1"
"AS141","Umm er Radhuma-Dammam Aquifer System (South): Rub' al Khali","OMN","YEM","IU1","IU1"
"AS141","Umm er Radhuma-Dammam Aquifer System (South): Rub' al Khali","SAU","YEM","IU0","IU0"
"AS142","Basalt Aquifer System (West): Yarmouk Basin","JOR","SYR","BL","DA"
"AS143","Basalt Aquifer System (South): Azraq-Dhuleil Basin","JOR","SYR","BL","BL"
"AS150","Irtysh-Obsky","KAZ","RUS","DA","DA"
"AS151","Limbang Aquifer","BRN","MYS","UB","UB"
"AS152","Golok Aquifer","MYS","THA","UB","UB"
"AS153","Baram Aquifer","BRN","MYS","IU1","IU1"
"AS153","Baram Aquifer","IDN","MYS","IU1","IU1"
"AS154","Palah Basin Aquifer","IDN","MYS","UB","UB"
"AS155","Jayapura Basin Aquifer","IDN","PNG","UB","UB"
"AS156","Besikama Basin Aquifer","IDN","TLS","UB","DA"
"AS157","Eocene Aquifer","ISR","LBN","IU1","BL"
"AS158","Indo-Gangetic Basin alluvial aquifer system","BGD","IND","DA","DA"
"AS158","Indo-Gangetic Basin alluvial aquifer system","IND","NPL","DA","DA"
"AS158","Indo-Gangetic Basin alluvial aquifer system","IND","PAK","DA","DA"
"AS159","Eastern Mountain Aquifer","ISR","PSE","UB","BL"
"AS160","Sinai?Negev Basin","EGY","ISR","UB","UB"
"AS161","Arava Valley / Wadi Araba Alluvial Aquifer","ISR","JOR","IU1","BL"
"C001","Soconusco-Suchiate / Coatán","GTM","MEX","UB","BL"
"C002","Chicomuselo-Cuilco / Selegua","GTM","MEX","UB","DA"
"C003","Ocosingo-Usumacinta-Pocóm-Ixcán","GTM","MEX","UB","UB"
"C004","Márquez de Comillas-Chixoy / Xaclbal","GTM","MEX","UB","UB"
"C005","Boca del Cerro-San Pedro","GTM","MEX","UB","UB"
"C006","Trinitaria-Nentón","GTM","MEX","UB","DA"
"C007","Península de Yucatán-Candelaria-Hondo","BLZ","GTM","IU1","IU1"
"C007","Península de Yucatán-Candelaria-Hondo","BLZ","MEX","BL","BL"
"C007","Península de Yucatán-Candelaria-Hondo","GTM","MEX","IU1","IU1"
"C008","Mopán-Belice","BLZ","GTM","UB","UB"
"C009","Pusila-Moho","BLZ","GTM","IU0","IU0"
"C010","Sarstún","BLZ","GTM","IU1","IU1"
"C011","Temash","BLZ","GTM","IU0","IU0"
"C012","Delta del Río Motagua","GTM","HND","IU1","IU1"
"C013","Chiquimula - Copán Ruinas","GTM","HND","UB","UB"
"C014","Ocotepeque-Citala","HND","SLV","IU1","IU1"
"C015","Ostua-Metapán","GTM","SLV","UB","DA"
"C016","Río Paz","GTM","SLV","UB","DA"
"C017","Estero Real-Río Negro","HND","NIC","DA","DA"
"C018","Sixaola / Salinas Aquifer","CRI","PAN","UB","UB"
"CB001","Plaine du Nord?Massacre","DOM","HTI","BL","BL"
"CB002","Artibonito","DOM","HTI","DA","DA"
"CB003","Los Lagos","DOM","HTI","UB","BL"
"CB004","Pedernales","DOM","HTI","IU1","IU1"
"EB010 - EB012","Cerknica / Kupa Aquifer; Ko?evje Goteni?ka Gora Aquifer; Radovica-Metlika / Zumberak Aquifer","HRV","SVN","IU1","IU1"
"EB013","Ormo?-Sredi??e ob Drava / Drava-Vara?din Aquifer","HRV","SVN","IU1","BL"
"EB014 - EB015","Bregana-Obre?je / Sava-Samobor","HRV","SVN","UB","UB"
"EB016 - EB021","Bizeljsko / Sutla Aquifer (Bo?, Roga?ka, Atomske Toplice, Bohor, Orlica Aquifers)","HRV","SVN","IU1","IU1"
"EB022","Dolinsko-Ravensko / Mura Aquifer","HRV","SVN","IU1","BL"
"EB023","Kupa Aquifer","BIH","HRV","IU1","IU1"
"EB024","Una","BIH","HRV","IU1","BL"
"EB025","Krka","BIH","HRV","IU1","BL"
"EB026","Cetina","BIH","HRV","UB","DA"
"EB027","Neretva","BIH","HRV","UB","BL"
"EB028","Trebi?njica","BIH","HRV","UB","BL"
"EB029","Dinaric Littoral (West Coast aquifer)","HRV","MNE","IU1","UB"
"EB030","Bile?ko Lake","BIH","MNE","IU1","DA"
"EB031","Posavina I / Sava Aquifer","BIH","HRV","UB","BL"
"EB032","Srem-West Srem / Sava Aquifer","HRV","SRB","UB","DA"
"EB033","South Western Backa / Dunav Aquifer","HRV","SRB","UB","BL"
"EB034","Mura Aquifer","HRV","HUN","IU0","BL"
"EB035","Drava / Drava West Aquifer","HRV","HUN","UB","BL"
"EB036","Northeast Backa / Danube -Tisza Interfluve or Backa / Danube-Tisza Interfluve Aquifer","HRV","HUN","IU0","BL"
"EB040","Mures / Maros alluvial fan aquifer","HUN","ROU","DA","DA"
"EB041","Körös Valley, Sárrét, Shallow Cri?uri aquifer","HUN","ROU","DA","DA"
"EB042 - EB043","Körös ? Cri?uri holocene, pleistocene transboundary aquifer (Hortobágy-Nagykunság Bihar Northern Part)","HUN","ROU","IU1","BL"
"EB044","Skadar / Shkoder Lake, Dinaric East Coast Aquifer","ALB","MNE","DA","DA"
"EB046","Nyírség, keleti rész / Nyírség, east margin aquifer","HUN","ROU","BL","DA"
"EB047","Somes / Szamos alluvial fan aquifer","HUN","ROU","DA","DA"
"EB049","Tara Massif","BIH","SRB","UB","UB"
"EB050","Lim Aquifer","MNE","SRB","UB","UB"
"EB051","Pe?ter Aquifer","MNE","SRB","IU0","IU1"
"EB052","Metohija Aquifer","MNE","SRB","IU0","IU0"
"EB052","Metohija Aquifer","MNE","XKX","IU0","IU0"
"EB052","Metohija Aquifer","SRB","XKX","IU0","IU0"
"EB053","Beli Drim / Drini i Bardhë Aquifer","ALB","XKX","UB","DA"
"EB054","Tetovo-Gostivar","MKD","XKX","UB","BL"
"EB055","Korab / Bistra - Stogovo Aquifer","ALB","MKD","IU0","IU0"
"EB056","Jablanica / Golobordo Aquifer","ALB","MKD","IU1","UB"
"EB057","Prespa and Ohrid Lake Aquifer","ALB","GRC","DA","DA"
"EB057","Prespa and Ohrid Lake Aquifer","ALB","MKD","DA","DA"
"EB057","Prespa and Ohrid Lake Aquifer","GRC","MKD","DA","DA"
"EB059","Mourgana Mountain / Mali I Gjerë Aquifer","ALB","GRC","IU0","IU1"
"EB061","Nemechka / Vjosa-Pogoni Aquifer","ALB","GRC","IU1","IU1"
"EB062","Pelagonia - Florina / Bitolsko Aquifer","GRC","MKD","DA","DA"
"EB063","Systima Axiou","GRC","MKD","DA","DA"
"EB064 - EB066","Dojran / Doirani Lake aquifer","GRC","MKD","IU1","BL"
"EB067 - EB069","Sandansky-Petrich Aquifer ; Sandansky Valley Aquifer ; Petrich Valley Aquifer","BGR","GRC","IU1","BL"
"EB067 - EB069","Sandansky-Petrich Aquifer ; Sandansky Valley Aquifer ; Petrich Valley Aquifer","BGR","MKD","IU1","BL"
"EB067 - EB069","Sandansky-Petrich Aquifer ; Sandansky Valley Aquifer ; Petrich Valley Aquifer","GRC","MKD","BL","DA"
"EB070","The former Yugoslav Republic of Macedonia - Central Serbia","MKD","XKX","DA","DA"
"EB071","The former Yugoslav Republic of Macedonia - SW Serbia","MKD","SRB","BL","DA"
"EB072","Zemen","BGR","SRB","IU0","IU1"
"EB073","Stara Planina / Salasha Montana Aquifer","BGR","SRB","UB","DA"
"EB075","Miroc & Golubac","ROU","SRB","IU0","IU0"
"EB076","Dacian Basin","ROU","SRB","BL","BL"
"EB077","Orvilos-Agistros / Gotze Delchev aquifer","BGR","GRC","IU0","BL"
"EB078","Nastan-Trigrad","BGR","GRC","IU0","IU0"
"EB079","Smolyan","BGR","GRC","IU1","UB"
"EB080","Rudozem","BGR","GRC","IU1","UB"
"EB081","Erma Reka","BGR","GRC","IU0","IU0"
"EB082","Evros / Meriç","GRC","TUR","BL","DA"
"EB083","Orestiadas System","BGR","GRC","IU1","BL"
"EB083","Orestiadas System","BGR","TUR","IU1","BL"
"EB083","Orestiadas System","GRC","TUR","IU0","BL"
"EB085","Topolovgrad Massif Aquifer","BGR","TUR","IU1","DA"
"EB086","Malko Tarnovo Karst waterbearing massif","BGR","TUR","IU0","IU1"
"EB087","Dobrudja / Dobrogea Neogene  Sarmatian aquifer","BGR","ROU","DA","DA"
"EB088","Dobrudja / Dobrogea Upper Jurassic - Lower Cretaceous Aquifer","BGR","ROU","DA","DA"
"EB089","Danube-Prut","MDA","ROU","UB","DA"
"EB089","Danube-Prut","MDA","UKR","UB","DA"
"EB089","Danube-Prut","ROU","UKR","BL","DA"
"EB090","Middle Sarmantian Pontian Aquifer","MDA","ROU","IU1","BL"
"EB091","Prut","MDA","ROU","UB","DA"
"EB092","Piva","BIH","MNE","IU0","IU0"
"EB093","Cijevna / Cemi Aquifer","ALB","MNE","IU1","BL"
"EU001","Low Miño / Minho","ESP","PRT","UB","UB"
"EU008","Ciudad Rodrigo","ESP","PRT","IU1","IU1"
"EU010","Detrital Aquifer of the Guadiana Middle Basin","ESP","PRT","BL","BL"
"EU024","Nappe du Genevois","CHE","FRA","UB","BL"
"EU035","Thermalwasser im Tiefen Malmkarst des südbayerischen und oberösterreichischen Molassebeckens","AUT","DEU","DA","DA"
"EU073","Gori?ko Aquifer; Mura - Zala Basin / Radgona - Va? Aquifer; Kot Aquifer","AUT","HUN","UB","DA"
"EU073","Gori?ko Aquifer; Mura - Zala Basin / Radgona - Va? Aquifer; Kot Aquifer","AUT","SVN","DA","DA"
"EU073","Gori?ko Aquifer; Mura - Zala Basin / Radgona - Va? Aquifer; Kot Aquifer","HRV","HUN","IU1","BL"
"EU073","Gori?ko Aquifer; Mura - Zala Basin / Radgona - Va? Aquifer; Kot Aquifer","HRV","SVN","IU1","BL"
"EU073","Gori?ko Aquifer; Mura - Zala Basin / Radgona - Va? Aquifer; Kot Aquifer","HUN","SVN","UB","DA"
"EU077","Szigetköz, Hanság-Rábca / Podunajska Basin, Zitny Ostrov","HUN","SVK","DA","DA"
"EU081","Ipoly Völgy / Alúvium Ipla","HUN","SVK","UB","BL"
"EU082","Slovensky Kras / Aggtelek Aquifer","HUN","SVK","IU1","IU1"
"EU083","Bodrog Aquifer","HUN","SVK","DA","DA"
"EU084","Siret","ROU","UKR","UB","DA"
"EU085","Dniester","MDA","UKR","UB","DA"
"EU086; EU088 - EU089","Cenomanian Terringeous Aquifer; Upper Proterozoic Terringenous Aquifer; Pripyat","BLR","UKR","UB","DA"
"EU087; EU094","Paleogene-Neogene Terringenous Aquifer; Cenomanian Carbonate-Terrigenous Aquifer","BLR","UKR","IU0","IU0"
"EU095 - EU098","Aquifers in Quaternary Deposits; Oxfordian-Cenomanian Carbonate-Terrigenous Aquifer; Mazursko-Podlaski Aquifer; Upper Cretaceous Aquifer","BLR","LTU","UB","DA"
"EU095 - EU098","Aquifers in Quaternary Deposits; Oxfordian-Cenomanian Carbonate-Terrigenous Aquifer; Mazursko-Podlaski Aquifer; Upper Cretaceous Aquifer","BLR","POL","UB","DA"
"EU095 - EU098","Aquifers in Quaternary Deposits; Oxfordian-Cenomanian Carbonate-Terrigenous Aquifer; Mazursko-Podlaski Aquifer; Upper Cretaceous Aquifer","LTU","POL","UB","DA"
"EU095 - EU098","Aquifers in Quaternary Deposits; Oxfordian-Cenomanian Carbonate-Terrigenous Aquifer; Mazursko-Podlaski Aquifer; Upper Cretaceous Aquifer","LTU","RUS","UB","DA"
"EU095 - EU098","Aquifers in Quaternary Deposits; Oxfordian-Cenomanian Carbonate-Terrigenous Aquifer; Mazursko-Podlaski Aquifer; Upper Cretaceous Aquifer","POL","RUS","UB","DA"
"EU099","Daugava","BLR","LTU","UB","DA"
"EU099","Daugava","BLR","LVA","UB","DA"
"EU099","Daugava","BLR","RUS","UB","UB"
"EU099","Daugava","LTU","LVA","UB","DA"
"EU099","Daugava","LVA","RUS","UB","UB"
"EU108","Cambrian-Ordovician Aquifer System","EST","RUS","UB","DA"
"EU109","Cambrian-Vendian-Voronka Aquifer System","EST","RUS","UB","DA"
"EU112","Upper Devonian Terrigenous-Carbonate Aquifer","BLR","RUS","IU0","IU0"
"EU123","Kanunkankaat Aquifer","FIN","RUS","IU0","IU0"
"EU282","Upper Pannonian Thermal Aquifer","AUT","HUN","DA","DA"
"EU282","Upper Pannonian Thermal Aquifer","AUT","SVK","DA","DA"
"EU282","Upper Pannonian Thermal Aquifer","AUT","SVN","DA","DA"
"EU282","Upper Pannonian Thermal Aquifer","HRV","HUN","IU1","IU1"
"EU282","Upper Pannonian Thermal Aquifer","HRV","SVN","IU1","IU1"
"EU282","Upper Pannonian Thermal Aquifer","HUN","SVK","DA","DA"
"EU282","Upper Pannonian Thermal Aquifer","HUN","SVN","DA","DA"
"EU284","Quaternary aquifer system; Upper-Devonian (P?avi?as?Ogre) aquifer system; Upper-Middle-Devonian (Aruküla?Amata) aquifer system; Lower-Middle-Devonian aquifer system","EST","LVA","UB","DA"
"EU301","Quartair en pliomioceenzand van de Schelde / Sables quaternaires et plio-miocènes de l'Escaut","BEL","NLD","BL","BL"
"EU302","Quartair en oligoceenzand in de polders / Sables quaternaires et oligocènes des polders","BEL","NLD","UB","UB"
"EU303","Quartair en oligoceenzand aan de kust / Sables quaternaires et oligocènes de la côte","BEL","NLD","DA","DA"
"EU304","Duinen en polders Oost-Vlaanderen / Dunes et polders de Flandre Orientale","BEL","NLD","UB","UB"
"EU305","Duinen en kustgebieden / Dunes et zones côtières","BEL","NLD","IU1","IU1"
"EU306","Kempens zand / Sables de Campine","BEL","NLD","DA","DA"
"EU307","Oligoceenzand / Sables Oligocènes","BEL","NLD","DA","DA"
"EU308","Alluviale afzettingen van het Pleistoceen / Dépôts alluviaux du Pléistocène","BEL","NLD","DA","DA"
"EU309","Zandlaag van Orchies / Sables d'Orchies","BEL","FRA","BL","BL"
"EU310","Vlaamse zandlaag / Sables des Flandres","BEL","FRA","DA","BL"
"EU311","Kolenkalk / Calcaires du Carbonifère","BEL","FRA","BL","BL"
"EU312","Krijtlaag van de Deûle / Craie de la Deûle","BEL","FRA","UB","UB"
"EU313","Krijtlaag Valenciennes-Bergen / Craies de Valenciennes-Mons","BEL","FRA","BL","BL"
"EU314","Magnor / Kortlanda-Eda glasbruk","NOR","SWE","IU0","IU0"
"EU315","Svullrya / Lekvattnet-Rottnemon","NOR","SWE","IU0","IU0"
"EU317","Petzen / Peca (part of the Karawanken / Karavanke transboundary groundwater body)","AUT","SVN","IU0","IU0"
"EU318","Uschowa / Ol?eva (part of the Karawanken / Karavanke transboundary groundwater body)","AUT","SVN","IU0","IU0"
"EU319","Koschuta / Ko?uta (part of the Karawanken / Karavanke transboundary groundwater body)","AUT","SVN","IU0","IU0"
"EU320","Westliche Karawanken / Kepa (part of the Karawanken / Karavanke transboundary groundwater body)","AUT","SVN","IU0","IU0"
"EU321","Vellacher Kotschna / Bela (part of the Karawanken / Karavanke transboundary groundwater body)","AUT","SVN","IU0","IU0"
"EU322","Sliv Kvarnerskog zaljeva / Obmo?je Kvarnerskega zaliva","HRV","SVN","IU1","IU1"
"EU323","Sliv Reke / Obmo?je Reke","HRV","SVN","IU0","IU0"
"EU324","Sliv izvora Rije?ine i Grobni?kog polja / Obmo?je izvira Rije?ine in Grobni?kega polja","HRV","SVN","IU0","IU0"
"EU325","Sliv Ri?ane / Obmo?je Ri?ane","HRV","SVN","IU0","IU0"
"EU326","Sliv Dragonje / Obmo?je Dragonje","HRV","SVN","UB","UB"
"EU327","Sliv izvora u gradu Rijeci / Obmo?je izvirov v mestu Reka","HRV","SVN","IU1","IU1"
"EU329","Sliv izvora Sv. Ivan / Obmo?je izvira Sv. Ivan","HRV","SVN","IU0","IU0"
"EU332","Sliv izvora Bula? / Obmo?je izvira Bula?","HRV","SVN","IU0","IU1"
"EU334","Sliv Bra?ane / Obmo?je Bra?ane","HRV","SVN","IU0","IU0"
"EU336","Aquifère du Rhin Supérieur / Oberrheinaquifer","CHE","DEU","UB","UB"
"EU336","Aquifère du Rhin Supérieur / Oberrheinaquifer","CHE","FRA","UB","UB"
"EU336","Aquifère du Rhin Supérieur / Oberrheinaquifer","DEU","FRA","DA","DA"
"EU337","Quaternary, Lower Neogene and Upper Cretaceous sediments in the transboundary Bug, San and Dniester River Basins","POL","UKR","UB","DA"
"EU338","Usedom / Uznam Island Quaternary Aquifer","DEU","POL","UB","UB"
"EU339","Upper Pannonian-Lower Pleistocene / Vojvodina / Duna-Tisza köze déli r.","HUN","ROU","DA","DA"
"EU339","Upper Pannonian-Lower Pleistocene / Vojvodina / Duna-Tisza köze déli r.","HUN","SRB","DA","DA"
"EU339","Upper Pannonian-Lower Pleistocene / Vojvodina / Duna-Tisza köze déli r.","ROU","SRB","DA","DA"
"EU340","Komár?anská Kryha / Dunántúli-khgs. Északi r.","HUN","SVK","BL","DA"
"N001","Abbotsford-Sumas","CAN","USA","BL","BL"
"N002","Okanagan-Osoyoos","CAN","USA","UB","DA"
"N003","Grand Forks","CAN","USA","IU0","IU1"
"N004","Eastend-Ravenscrag (Poplar)","CAN","USA","IU1","DA"
"N005","Estevan Valley Aquifer System","CAN","USA","IU1","DA"
"N007","Châteauguay","CAN","USA","IU1","IU1"
"N008","Tijuana - San Diego Aquifer","MEX","USA","UB","BL"
"N012","Nogales-Rio Santa Cruz Aquifer / Upper Santa Cruz Basin","MEX","USA","DA","DA"
"N013","Rio San Pedro Aquifer / Upper San Pedro Basin","MEX","USA","UB","DA"
"N014","Conejos Medanos Aquifer / Mesilla Bolson","MEX","USA","DA","DA"
"N015","Valle de Juarez Bolson / Hueco-Tularosa Bolson","MEX","USA","BL","BL"
"N018","Las Palmas Aquifer / Mimbres Basin","MEX","USA","DA","DA"
"N019","Judith River","CAN","USA","DA","DA"
"N020","Milk River","CAN","USA","DA","DA"
"N021","Richelieu/Lake Champlain and Yamaska","CAN","USA","DA","DA"
"N022a","Northern Great Plains - Upper Cretaceous Aquifer System","CAN","USA","UB","DA"
"N022b","Northern Great Plains - Lower Tertiary Aquifer System","CAN","USA","UB","DA"
"N025","Laguna Salada Aquifer / Coyote Wells Valley","MEX","USA","IU0","IU0"
"N026","Valle de Mexicali - San Luis Rio Colorado Aquifer / Yuma - Imperial Valley","MEX","USA","DA","DA"
"N031","Sonoyta-Puerto Penasco Aquifer","MEX","USA","IU1","IU1"
"N035","La Abra Plain","MEX","USA","IU1","IU1"
"N041","San Simon Wash","MEX","USA","IU0","IU0"
"N045","Rio Altar Aquifer","MEX","USA","IU1","IU1"
"N048","Rio Agua Prieta Aquifer / Douglas Basin","MEX","USA","BL","BL"
"N053","Janos Aquifer / Playas Basin","MEX","USA","DA","DA"
"N055","Ascension Aquifer / Hachita Moscos Basin","MEX","USA","BL","BL"
"N057","Potrillo Mountains","MEX","USA","IU0","IU0"
"N059","Red Light Draw Bolson","MEX","USA","IU0","IU0"
"N061","Green River Valley Bolson","MEX","USA","IU0","IU0"
"N062","Presidio Bolson","MEX","USA","BL","BL"
"N063","Redford Bolson","MEX","USA","BL","BL"
"N068","Edwards Aquifer","MEX","USA","UB","UB"
"N069","Santa Fe del Pino Aquifer","MEX","USA","IU0","IU0"
"N070","Serrania del Burro Aquifer","MEX","USA","IU0","IU0"
"N071","Austin Formation / Austin Chalk","MEX","USA","IU0","IU1"
"N075","Presa La Amistad Aquifer","MEX","USA","UB","BL"
"N076","Allende-Piedras Negras Aquifer","MEX","USA","DA","BL"
"N082","Carrizo-Wilcox Aquifer","MEX","USA","IU1","IU1"
"N088","Baja de Rio Bravo / Gulf Coast Aquifer","MEX","USA","DA","DA"
"S001","Choco-Darién","COL","PAN","IU0","IU0"
"S002","Táchira Pamplonita","COL","VEN","UB","UB"
"S003","La Guajira","COL","VEN","UB","UB"
"S004","Grupo Roraima","BRA","GUY","IU0","IU0"
"S004","Grupo Roraima","BRA","VEN","IU1","IU1"
"S004","Grupo Roraima","GUY","VEN","IU1","IU1"
"S005","Boa Vista-Serra do Tucano-North Savanna","BRA","GUY","UB","UB"
"S006","Upper Sand / Zanderij","FRA","SUR","UB","UB"
"S006","Upper Sand / Zanderij","GUY","SUR","IU1","IU1"
"S007","Coesewijne","GUY","SUR","UB","DA"
"S008","A-Sand/B-Sand","GUY","SUR","UB","DA"
"S009","Aquífero litorâneo / Aquifères sédimentaires de la bande côtière","BRA","FRA","IU1","IU1"
"S010","Tulcán-Ipiales","COL","ECU","UB","UB"
"S011","Zarumilla","ECU","PER","UB","UB"
"S012","Puyango-Tumbes-Catamayo-Chira","ECU","PER","UB","DA"
"S013","Amazonas","BOL","BRA","UB","UB"
"S013","Amazonas","BOL","PER","UB","UB"
"S013","Amazonas","BRA","COL","UB","UB"
"S013","Amazonas","BRA","PER","UB","UB"
"S013","Amazonas","COL","ECU","UB","UB"
"S013","Amazonas","COL","PER","UB","UB"
"S013","Amazonas","COL","VEN","UB","UB"
"S013","Amazonas","ECU","PER","UB","UB"
"S014","Titicaca","BOL","PER","DA","DA"
"S015","Pantanal","BOL","BRA","UB","UB"
"S015","Pantanal","BOL","PRY","UB","UB"
"S015","Pantanal","BRA","PRY","UB","UB"
"S016","Agua Dulce","BOL","PRY","IU0","IU0"
"S017","Salar de Ollagüe / Pastos Grandes","BOL","CHL","IU0","IU0"
"S018","Caplina-Concordia Aquifer System","CHL","PER","IU1","IU1"
"S019","Aquidauana-Aquidabán","BRA","PRY","UB","UB"
"S020","Caiua-Bauru-Acaray Aquifer","BRA","PRY","UB","UB"
"S021","Sistema Aquífero / Sistema Acuífero Guaraní","ARG","BRA","DA","DA"
"S021","Sistema Aquífero / Sistema Acuífero Guaraní","ARG","PRY","DA","DA"
"S021","Sistema Aquífero / Sistema Acuífero Guaraní","ARG","URY","DA","DA"
"S021","Sistema Aquífero / Sistema Acuífero Guaraní","BRA","PRY","DA","DA"
"S021","Sistema Aquífero / Sistema Acuífero Guaraní","BRA","URY","DA","DA"
"S022","Sistema Aquífero / Sistema Acuífero Arapey / Serra Geral","ARG","BRA","DA","DA"
"S022","Sistema Aquífero / Sistema Acuífero Arapey / Serra Geral","ARG","PRY","DA","DA"
"S022","Sistema Aquífero / Sistema Acuífero Arapey / Serra Geral","ARG","URY","DA","DA"
"S022","Sistema Aquífero / Sistema Acuífero Arapey / Serra Geral","BRA","PRY","DA","DA"
"S022","Sistema Aquífero / Sistema Acuífero Arapey / Serra Geral","BRA","URY","DA","DA"
"S023","Litoráneo-Chuy","BRA","URY","UB","DA"
"S024","Permo-Carbonífero","BRA","URY","DA","DA"
"S025","Litoral-Cretácico","ARG","URY","DA","DA"
"S026","Salto-Salto Chico","ARG","URY","DA","DA"
"S027","Puneños","ARG","BOL","IU0","IU0"
"S028","Sistema Acuífero Yrendá-Toba-Tarijeño (SAYTT)","ARG","BOL","DA","DA"
"S028","Sistema Acuífero Yrendá-Toba-Tarijeño (SAYTT)","ARG","PRY","UB","UB"
"S028","Sistema Acuífero Yrendá-Toba-Tarijeño (SAYTT)","BOL","PRY","UB","UB"
"S029","El Cóndor-Cañadón del Cóndor","ARG","CHL","IU1","IU1"
"S030","Salar de Ascotán","BOL","CHL","IU0","IU0"
"S031","Silala","BOL","CHL","IU0","IU0"
"S032","Laguna Blanca","BOL","CHL","IU0","IU0"
"S032","Laguna Blanca","CHL","PER","IU0","IU0"
